,,
TRAIN,Struggling to focus at work today. Need some tips to improve my attention span.,attention
TRAIN,Mind constantly wandering during meetings. How do you stay focused?,attention
TRAIN,"Every task feels like a Herculean effort. Concentration slips away, leaving me frustrated and overwhelmed.",attention
TRAIN,"Attempting to focus on work, but my mind constantly drifts. It's a struggle to maintain attention on any given task.",attention
TRAIN,The bombardment of distractions is exhausting. It feels like I'm swimming against the current just to keep my attention anchored.,attention
TRAIN,"Trying to read a book, but the words blur together. Attention slips away, making it difficult to retain information",attention
TRAIN,"In meetings, my mind becomes a battleground of competing thoughts. Attention flits from one idea to another, leaving me mentally drained.",attention
TRAIN,"Simple instructions become a challenge to follow. Attention slips away, and I find myself lost in a fog of distraction.",attention
TRAIN,"The constant need to multitask is overwhelming. Juggling multiple responsibilities, but struggling to give focused attention to any one thing.",attention
TRAIN,"Despite my best efforts, my attention span feels like it's shrinking. It's a struggle to stay engaged in tasks that once held my interest.",attention
TRAIN,"The allure of instant gratification pulls me away from important tasks. Attention wavers, making it hard to stay committed to long-term goals.",attention
TRAIN,"Even in quiet environments, my mind races with thoughts. Attention is a fleeting resource that seems to slip through my fingers.",attention
TRAIN,"Today, I found myself drifting off multiple times while trying to finish a report. It's frustrating when my mind feels like it's in a fog and I can't seem to hold onto a single thought for more than a few minutes.",attention
TRAIN,"I ended the day feeling exhausted, not from being productive, but from the constant battle in my mind trying to focus on anything for a meaningful amount of time. It's a different kind of tired, one that sleep doesn't seem to fix.",attention
TRAIN,"I started reading a book I've been excited about, but I just couldn't stay engaged. I must have reread the same paragraph at least five times. It's disheartening when something I'm looking forward to becomes a source of stress instead of enjoyment.",attention
TRAIN,"Every time I sit down to work, I feel overwhelmed by where to start, and my mind just shuts down. It's like standing at the foot of a mountain and not being able to see the path up. I know I need to take it one step at a time, but even that feels daunting.",attention
TRAIN,"Despite setting a timer to keep myself on task, I still found my attention wandering to everything but the task at hand. It's like my mind is a browser with too many tabs open, and I can't seem to close any of them.",attention
TRAIN,"I noticed that my inability to focus is starting to affect my relationships. I find myself zoning out during conversations, and I can see it's hurting the people I care about. It's a wake-up call that I need to find better coping strategies.",attention
TRAIN,"I had a long list of tasks to complete today, but I barely ticked off a few. It's not that I didn't have the time; I just couldn't maintain focus long enough on any one task to make meaningful progress.",attention
VALIDATE,"Today, I tried a new technique to help me focus, but it didn't seem to work. It's discouraging when it feels like I've tried everything, and nothing seems to make a difference. I'm not giving up, but it's hard to stay optimistic.",attention
VALIDATE,"While working on a project, I kept getting distracted by emails, messages, and even my own thoughts. It feels like I'm constantly being pulled in a million directions, and I can't seem to find the pause button.",attention
VALIDATE,"I planned to meditate this morning to help clear my mind, but I couldn't even focus enough to get through five minutes. It's ironic how even trying to focus on not focusing is a challenge in itself.",attention
VALIDATE,"While attempting to organize my workspace, I got sidetracked by old photos and mementos. It's amazing how quickly time flies when you're lost in memories, but it also means another day with little to show in terms of productivity.",attention
VALIDATE,"I decided to start journaling to help manage my scattered thoughts. It's a step in the right direction, but staying consistent with it is another challenge I'm facing.",attention
VALIDATE,"I had planned to start a new hobby to help with my concentration, but I couldn't decide which one to pick up. The indecision left me scrolling through options for hours, and in the end, I didn't make any progress on anything.",attention
TEST,"I keep misplacing important items like my keys and phone, which wastes so much time and adds to my frustration. It's like my lack of focus is spilling over into every aspect of my life.",attention
TEST,"During a team meeting, I realized I had zoned out and missed important details. It's embarrassing to ask for information to be repeated, and it makes me worry about how my attention issues are perceived by others.",attention
TEST,"Today, I was supposed to work on a personal project, but I couldn't muster the concentration needed. It's disheartening when even the things I'm passionate about are affected by my attention struggles.",attention
TEST,"I set up a new app to block distractions on my phone, but I found myself looking for other things to distract me, like cleaning or snacking. It's like my mind is constantly searching for an escape from focusing.",attention
TEST,"I noticed that my attention issues are worse when I'm stressed. Today was particularly hectic, and it felt like my thoughts were a tangled mess, making it impossible to concentrate on any task at hand.",attention
TEST,"I tried to meditate again today, but my mind was racing with a to-do list, random thoughts, and even song lyrics stuck in my head. It's frustrating when silence becomes so loud.",attention
TEST,"I tried breaking my work into smaller, more manageable tasks, hoping it would help me focus. While it seemed like a good strategy, I still found myself getting overwhelmed and unable to start.",attention
TRAIN,"I am very happy when I connect with my Creator, my God, my Lord spiritually. I am at peace when I pray.",spirituality
TRAIN,"As I close my eyes and turn inward, I find a sacred space within, where the gentle rhythm of my breath becomes a mantra. In the stillness, I connect with a profound sense of peace, transcending the noise of the external world.",spirituality
TRAIN,"Amidst the ancient trees and flowing streams, I sense the divine presence in the rustle of leaves and the whispers of the wind. Nature, a silent cathedral, invites me to contemplate the beauty and interconnectedness of all life.",spirituality
TRAIN,"In the strokes of a painter's brush or the notes of a musician's melody, I witness the manifestation of the spiritual. Art becomes a conduit for expressing the ineffable, a language that speaks to the depths of the soul.",spirituality
TRAIN,"Every step, every morsel of food, becomes an opportunity for mindfulness. In the present moment, I find a sacred space where worries of the past and anxieties of the future dissolve, leaving only a profound sense of existence.",spirituality
TRAIN,"The act of selfless service becomes a sacred offering, a way to express gratitude for the interconnected web of life. Through service, I realize that spirituality is not only a personal journey but also a shared responsibility to uplift and support one another.",spirituality
TRAIN,"The ritual of lighting a candle becomes a symbolic act, dispelling darkness and inviting the light of understanding. In this simple gesture, I find a connection to something greater, a sacred thread weaving through the tapestry of my daily life.",spirituality
TRAIN,"In this moment of quiet reflection, I express gratitude for the gift of existence. Each breath is a reminder of the divine grace that sustains me, and I am humbled by the infinite love that surrounds and fills my heart.",spirituality
TRAIN,"Today, during my meditation, I felt an overwhelming sense of peace and connection to the world around me. It was as if all the noise in my mind finally quieted down.",spirituality
TRAIN,I had a conversation with a stranger today about life's bigger questions. It's amazing how sharing perspectives can open your heart and mind to new insights and a sense of interconnectedness.,spirituality
TRAIN,I took a walk in nature this morning and couldn't help but feel a profound gratitude for the beauty of creation. Every leaf and bird seemed to be a message of love and harmony.,spirituality
TRAIN,"Reading a passage from a spiritual text, I found a line that resonated deeply with me. It reminded me that we are all part of something much larger than ourselves, and in that, there is great comfort.",spirituality
TRAIN,"I spent some time reflecting on my personal growth over the past year. Recognizing the challenges I've overcome and the lessons learned, I feel a deep sense of spiritual progress and resilience.",spirituality
TRAIN,"I wrote a letter of forgiveness to someone who wronged me in the past. Letting go of that resentment was like lifting a weight off my shoulders, and I felt a wave of spiritual relief.",spirituality
TRAIN,"I volunteered at a local shelter today, and in the act of giving, I felt an incredible sense of fulfillment. It's in these moments of selflessness that I feel closest to the divine.",spirituality
TRAIN,"Tonight, I looked up at the stars and felt an overwhelming sense of awe and wonder. It's moments like these that remind me of the vastness of the universe and the mystery of existence.",spirituality
TRAIN,"During my yoga practice, I achieved a posture I've been struggling with for months. It wasn't just a physical achievement but a moment of clarity and unity between my mind, body, and spirit.",spirituality
TRAIN,"I practiced mindfulness while doing a mundane task at home, and in that mindfulness, I found a profound sense of being present and an appreciation for the simplicity of life.",spirituality
TRAIN,"During my prayers today, I felt an especially deep connection to God, as if my heart and soul were being uplifted. It was a moment of pure tranquility and spiritual intimacy that I cherish deeply.",spirituality
TRAIN,"In a moment of quiet contemplation, I felt inspired to reach out and reconcile with a family member. This act of forgiveness was not only a step towards healing our relationship but also a profound spiritual act, embodying the teachings of love and reconciliation found in all Abrahamic faiths.",spirituality
TRAIN,"While reading a passage from the Quran, I came across a verse that struck a chord within me. It spoke of patience and faith during hard times, reminding me that God is always with us, guiding and supporting us.",spirituality
TRAIN,"Reflecting on the story of Abraham's faith and obedience in the Torah, I am inspired by the depth of trust he had in God. It challenges me to live a life of faith, even when the path is uncertain.",spirituality
TRAIN,"Attending service at church today, the sermon on love and forgiveness touched me profoundly. It was a powerful reminder of Jesus' teachings on compassion and how they can transform our lives and the world around us.",spirituality
TRAIN,"This morning, as I recited the Fajr prayer, I felt a wave of gratitude for the new day. It's moments like these that remind me of the constant cycle of life and renewal that faith brings into our lives.",spirituality
VALIDATE,"As I lit the Shabbat candles this evening, I felt a profound sense of peace and connection to my ancestors. It was a beautiful moment of continuity and faith that spans generations.",spirituality
VALIDATE,"During my visit to the Western Wall, I placed a prayer note between the ancient stones. The sense of community and shared faith among the diverse group of people around me was incredibly moving.",spirituality
VALIDATE,"During my fast for Ramadan, I've found a deeper understanding of sacrifice, empathy, and gratitude. This spiritual discipline has brought me closer to understanding the struggles of others and the blessings in my own life.",spirituality
VALIDATE,"While participating in a Bible study group, we discussed the concept of grace. This conversation opened my eyes to the unmerited favor and love God extends to us all, encouraging me to extend the same grace to others.",spirituality
VALIDATE,"During my morning meditation, I chanted the Gayatri Mantra and felt an overwhelming sense of oneness with the universe. The ancient words seemed to resonate within me, connecting me to a timeless spiritual lineage.",spirituality
VALIDATE,"On a pilgrimage to a sacred temple, the journey itself became a reflection of my inner spiritual journey. The physical steps mirrored the steps I've taken towards self-discovery and spiritual awakening.",spirituality
VALIDATE,"While practicing walking meditation in the garden, I was struck by the Buddhist teaching of mindfulness in every step. Each step was a reminder of the Earth's support beneath me, fostering a deep sense of gratitude and presence.",spirituality
TEST,"During a quiet moment under a Bodhi tree, I contemplated the Buddha's enlightenment and the profound simplicity of his teachings on suffering and liberation. This peaceful solitude offered a deep connection to the essence of Buddhist philosophy.",spirituality
TEST,"At the Ganga Aarti ceremony by the river, the rhythmic chants and the sight of floating lamps on the water filled me with a profound sense of peace and unity with the divine, as well as with the gathered community.",spirituality
TEST,"While practicing yoga, I achieved a sense of unity between my breath, body, and spirit during the Surya Namaskar sequence. It was a moving experience that reflected the holistic essence of yoga as a spiritual practice.",spirituality
TEST,"While reading the Dhammapada, I came across a passage on impermanence that deeply resonated with me. It was a powerful reminder of the transient nature of life and the importance of living in the present moment.",spirituality
TEST,"Participating in a Kirtan session, the communal singing and the harmonium's melodies uplifted my spirit. The collective energy of devotion and the vibration of the sacred chants filled the room with a tangible sense of spiritual connection.",spirituality
TEST,"During the festival of Diwali, lighting diyas around my home not only brightened the space but also my spirit. It was a beautiful embodiment of light conquering darkness and the triumph of good over evil.",spirituality
TRAIN,"In a Zen garden, carefully raking the sand and arranging the stones, I experienced a deep sense of Zen meditation's simplicity and purpose. This act of mindful creation was a profound exercise in finding balance and harmony.",spirituality
TRAIN,"Today was challenging, but I reminded myself that every struggle is a step towards becoming stronger. I took a deep breath, faced my problems head-on, and found solutions I didn't know I was capable of.",resilience
TRAIN,"This morning, I started the day with a positive affirmation, affirming my strength and ability to face the day's challenges. This small act set a resilient tone for the day, filling me with determination and optimism.",resilience
TRAIN,"After a setback at work, instead of dwelling on the disappointment, I focused on what I could learn from the experience. I'm determined to use this as an opportunity to grow and improve my skills.",resilience
TRAIN,"I felt knocked down by life's recent blows, but tonight, I journaled about my inner strength and the support around me. It's a reminder that I'm not defined by my falls, but by how I rise after them.",resilience
TRAIN,"This evening, I reflected on the hardships I've overcome in the past. It's empowering to realize that I've faced tough times before and emerged stronger. This perspective gives me confidence to tackle current challenges.",resilience
TRAIN,"When faced with a fear today, I took small steps to confront it rather than avoid it. Each step forward, no matter how small, felt like a victory in building my courage and resilience.",resilience
TRAIN,"Despite feeling overwhelmed by everything on my plate, I broke down my tasks into manageable steps today. Celebrating these small victories made the day feel much more achievable and less daunting.",resilience
TRAIN,"Today, I chose to practice gratitude, focusing on the good things in my life despite the challenges. This shift in perspective helped me find the strength to keep moving forward with a hopeful heart.",resilience
TRAIN,"I reached out to a friend for support today, which was a big step for me. Admitting I needed help wasn't easy, but it reminded me that resilience doesn't mean going it alone; it's also about knowing when to lean on others.",resilience
TRAIN,"After receiving some harsh criticism, I took a moment to process it constructively. I realized that within the tough feedback were nuggets of truth that could help me grow, turning a potentially negative experience into a positive learning opportunity.",resilience
TRAIN,"I encountered a major obstacle today, but instead of seeing it as a block in my path, I viewed it as a detour leading me to new possibilities. It's a mindset shift I've been working on, and it's beginning to pay off.",resilience
TRAIN,"Facing rejection today, I allowed myself to feel disappointed, but then I shifted my focus to the doors that are still open. It's a practice in resilience, reminding me that one 'no' can lead to another, better 'yes.'",resilience
TRAIN,"Today, I failed at something I really cared about. But instead of letting it define me, I decided to let it teach me. I spent some time reflecting on what went wrong and how I can improve next time.",resilience
TRAIN,"Today, I shared my story of overcoming a personal challenge with someone who's going through a similar situation. It was a reminder that my experiences and resilience can not only help me but also inspire and support others.",resilience
TRAIN,"This week has been a series of small frustrations, but I've been consciously focusing on resilience. Each evening, I write down at least one thing that went well or that I handled better than I would have in the past.",resilience
TRAIN,"When I noticed myself slipping into old, negative thought patterns, I paused to practice mindfulness and redirect my thoughts. It's a small act of resilience, but it's helping me build a more positive and resilient mindset over time.",resilience
TRAIN,"I was faced with a tough decision today, and making it felt like an uphill battle. However, I reminded myself that with every difficult choice comes growth and the opportunity to learn more about my values and desires.",resilience
TRAIN,"I've been dealing with a long-term challenge that's been draining my spirit. Today, I took a moment to acknowledge my persistence and the small steps of progress I've made. Recognizing my own tenacity was incredibly empowering.",resilience
TRAIN,"Feeling overwhelmed by negative news, I made a conscious effort to disconnect and spend time in nature. The peace and grounding I found reminded me that I can control where I focus my energy and find calm amidst chaos.",resilience
TRAIN,"After a conflict with a friend, I took some time to cool off and then reached out to resolve the issue. It was a reminder that resilience is also about mending relationships and fostering understanding, even when it's tough.",resilience
VALIDATE,"In the face of setbacks, I choose optimism as my compass. Every hurdle becomes an opportunity for growth, and setbacks are but stepping stones on the resilient path toward a brighter future.",resilience
VALIDATE,"Like a phoenix, I rise from the ashes of despair, my spirit unbroken by the fires that sought to consume me. In the ruins of my past, I find the foundation for a stronger, more resilient self.",resilience
VALIDATE,"In the aftermath of adversity, I stand resilient, a testament to the strength that emerges from the depths of struggle. With each step forward, I reclaim my narrative, refusing to be defined by the challenges that sought to break me.",resilience
VALIDATE,"Lisa, a single parent working two jobs, overcomes the daily challenges of balancing work, parenting, and household responsibilities. Her resilience shines through as she navigates the complexities of raising her children with love and determination.",resilience
VALIDATE,"Despite facing learning differences, Alex not only excels academically but also becomes an advocate for inclusive education. Through hard work, support, and resilience, Alex demonstrates that every challenge is an opportunity for growth.",resilience
VALIDATE,"After facing the brink of bankruptcy, Mike, a small business owner, turns the tide through innovation and perseverance. His resilience and adaptability transform his struggling business into a thriving enterprise.",resilience
TEST,Sarah's journey from addiction to recovery showcases incredible resilience. She not only overcomes the challenges of substance abuse but also becomes a source of inspiration for others seeking to reclaim their lives.,resilience
TEST,"Juan, an immigrant arriving with limited resources, overcomes language barriers and economic hardships to establish a successful business. His resilience and hard work embody the pursuit of the American dream.",resilience
TEST,"Emily, a devoted daughter, gracefully handles the challenges of caring for aging parents. Her resilience shines as she juggles caregiving responsibilities while maintaining a positive and compassionate outlook.",resilience
TEST,"Maria, a passionate community organizer, tackles systemic issues in her neighborhood. Her resilience is evident as she mobilizes the community, overcoming bureaucratic hurdles to bring about positive change.",resilience
TEST,"After losing her job, Mark embraces the challenge of reinventing his career. His resilience shines through as he navigates the job market, acquires new skills, and eventually lands a position that aligns with his passion.",resilience
TEST,"Despite facing physical challenges, James, with a resilient spirit, engages in adaptive sports and advocates for inclusivity. His determination showcases that abilities transcend physical limitations.",resilience
TEST,"In his 80s, Henry learns to use technology to stay connected with loved ones. His resilience in adapting to the digital age not only keeps him socially engaged but also inspires others in his age group to embrace change.",resilience
TRAIN,"I love that I got to experience life this way. I wouldn't have my life any other way. I love my family, and my friends. They bring me joy and happiness.",positive outlook
TRAIN,"I am very happy when I have a good day, when I do the things that I like such as shopping, eating my favorite foods, watching my favorite movies, and hanging out with my favorite people.",positive outlook
TRAIN,"Every sunrise is a promise of a new beginning. I wake up with gratitude, ready to embrace the opportunities that each day brings. Today is a canvas, and I choose to paint it with joy and positivity.",positive outlook
TRAIN,"Reflecting on the day, I am grateful for the simple pleasures that surround me—the warmth of sunlight, the laughter of loved ones, and the aroma of fresh coffee. Life is a beautiful tapestry, and I find joy in every thread.",positive outlook
TRAIN,"In the face of challenges, I see opportunities for growth and learning. Every obstacle is a stepping stone, and I approach them with resilience and a positive mindset. Challenges are not roadblocks but detours leading to new discoveries.",positive outlook
TRAIN,"As I face uncertainties, I remind myself of my inner strength and resilience. I am capable of handling whatever comes my way. Each challenge is a chance to prove to myself that I can overcome and emerge even stronger.",positive outlook
TRAIN,"Celebrating the small victories is my way of acknowledging progress. Whether it's completing a task, learning something new, or simply finding moments of peace, I recognize and savor the positive aspects of my journey.",positive outlook
TRAIN,"The future holds endless possibilities, and I eagerly anticipate the adventures and opportunities that await. With a positive outlook, I trust that every step forward brings me closer to a future filled with joy, love, and fulfillment.",positive outlook
TRAIN,"I believe in the power of kindness to create a ripple effect. Every act of kindness, no matter how small, contributes to a more positive and compassionate world. By spreading positivity, I aim to be a source of light for others.",positive outlook
TRAIN,"As the sun sets, I reflect on the day with gratitude. Life may have its challenges, but I choose to focus on the beauty that surrounds me. Each day is a gift, and I find joy in the simple moments that make it special.",positive outlook
TRAIN,"Change is inevitable, and I approach it with a positive mindset. Rather than fearing the unknown, I see change as an opportunity for growth and transformation. Every new chapter brings with it the potential for exciting experiences.",positive outlook
TRAIN,"I am a work in progress, and I embrace my imperfections with love and acceptance. Each day is an opportunity to learn, evolve, and become a better version of myself. Life's journey is beautiful, and I choose to walk it with a positive heart.",positive outlook
TRAIN,I feel confident and happy when I dress well and put effort in my make-up. That's not to say I don't like myself when I don't do makeup or dress well. Putting effort into my appearance is something I do make myself happy.,positive outlook
TRAIN,"I always like looking at a situation as a glass half full. Even though I have had failures, I can still pick myself back up and start again.",positive outlook
TRAIN,"Today, even though I got caught in the rain, I found joy in the simple beauty of raindrops and the fresh, clean air that followed",positive outlook
TRAIN," When I heard about the layoffs at work, instead of panicking, I chose to see it as a sign to explore new opportunities and perhaps find a path more aligned with my passion",positive outlook
TRAIN," I missed my train this morning, but on the bright side, I had a lovely conversation with a stranger while waiting for the next one. It's amazing how a small delay can lead to meaningful connections.",positive outlook
TRAIN,"My presentation didn't go as planned, but I'm proud of myself for pushing through the anxiety. Every moment in front of an audience is a step towards becoming a more confident speaker.",positive outlook
TRAIN,"I was really looking forward to the concert, which got canceled. Instead, I spent the evening listening to my favorite albums at home, rediscovering songs I hadn't heard in years. It turned out to be a surprisingly refreshing experience.",positive outlook
TRAIN,"After receiving some constructive criticism, I initially felt disheartened. But then, I chose to view it as valuable feedback that only helps me grow and improve in my work.",positive outlook
TRAIN,"Today, I chose to donate some clothes I no longer wear. It felt good to declutter and know that someone else might benefit from them.",positive outlook
VALIDATE,"I realized I've been too hard on myself lately, so I took a moment today to acknowledge my progress and the effort I've been putting in. It's important to celebrate the small victories.",positive outlook
VALIDATE,"My friend was going through a tough time, so I sent them a small gift and a note. Seeing their smile reminded me of the power of small acts of kindness.",positive outlook
VALIDATE,"I started learning a new language and found it quite challenging. However, being able to introduce myself today filled me with an unexpected sense of achievement.",positive outlook
VALIDATE,Every challenge is an opportunity to grow stronger and more resilient.,positive outlook
VALIDATE,"In the face of adversity, the human spirit shines brightest.",positive outlook
VALIDATE,Kindness is a language the deaf can hear and the blind can see.,positive outlook
TEST,There is a hidden strength within every struggle we face.,positive outlook
TEST,Life's most beautiful moments often come after the hardest challenges.,positive outlook
TEST,Every person you meet is fighting a battle you know nothing about. Be kind. Always.,positive outlook
TEST,Difficult roads often lead to beautiful destinations.,positive outlook
TEST,The darkest nights produce the brightest stars.,positive outlook
TEST,"In every crisis, there is a message. Crises are nature's way of forcing change.",positive outlook
TEST,What we achieve inwardly will change outer reality.,positive outlook
TRAIN,Feeling a tightness in my chest. Anxiety is hitting hard. Any calming techniques?,anxiety
TRAIN,Overthinking every decision. How do you manage anxiety during uncertain times?,anxiety
TRAIN,"Feeling a constant knot in my stomach, even though there's no apparent reason. Anxiety is like an unwelcome companion that never leaves.",anxiety
TRAIN,"Overthinking every decision, every interaction. It's exhausting to navigate through a sea of 'what-ifs' and uncertainties",anxiety
TRAIN,"Heart racing, palms sweaty—every social situation feels like a battle. Social anxiety makes connecting with others a constant challenge.",anxiety
TRAIN,"Sleeping has become a nightly struggle. The mind races with anxious thoughts, making it hard to find peace even in moments of rest.",anxiety
TRAIN,"Trying to concentrate, but anxiety keeps pulling me into a whirlwind of worry. It's like a fog that clouds every thought.",anxiety
TRAIN,Feeling on edge without any clear trigger. The unpredictability of anxiety makes every day a rollercoaster of emotions.,anxiety
TRAIN,"Avoiding situations that trigger anxiety, but realizing it only reinforces its grip. It's a Catch-22 that's hard to break.",anxiety
TRAIN,The fear of the unknown is paralyzing. Anxiety turns even the smallest decisions into monumental tasks.,anxiety
TRAIN,"Constantly seeking reassurance, but the anxiety persists. It's like an invisible weight on my shoulders that won't lift.",anxiety
TRAIN,It's hard to explain to others why simple tasks feel like climbing a mountain. Anxiety makes every step a struggle.,anxiety
TRAIN,"Today, I felt a wave of anxiety wash over me for no apparent reason. My heart raced and my thoughts spiraled into worst-case scenarios, making it difficult to focus on anything else.",anxiety
TRAIN,"Tonight, as I lay in bed trying to sleep, my mind raced with a million 'what ifs.' It's like there's a switch I can't turn off, keeping me awake and wrapped in anxiety.",anxiety
TRAIN,"I had to give a presentation at work, and the anticipation kept me up all night. I imagined every possible thing going wrong, and by the morning, I was exhausted before the day even began.",anxiety
TRAIN,"Lately, even small decisions feel overwhelming. Choosing what to have for dinner or what to wear can spiral into a flurry of anxious thoughts about making the wrong choice.",anxiety
TRAIN,"Every time my phone rings or I get a new email, my stomach knots up with anxiety. It's like I'm bracing myself for bad news, even when there's no reason to expect any.",anxiety
TRAIN,"The news has been a major source of anxiety for me. I know I should stay informed, but sometimes it feels like the weight of the world's problems is too much to bear.",anxiety
TRAIN,"Social situations are becoming increasingly daunting. Just the thought of small talk or meeting new people fills me with dread, making me want to avoid these interactions altogether.",anxiety
VALIDATE,"I tried to relax and watch a movie tonight, but my mind kept wandering to anxious thoughts about tomorrow's tasks. It's frustrating not being able to find a moment's peace.",anxiety
VALIDATE,"Today, I was so anxious about making mistakes that I double-checked my work countless times. It's exhausting, but the fear of overlooking something feels even worse.",anxiety
VALIDATE,"I had plans to go out with friends, but as the time approached, my anxiety took over. I ended up canceling, and now I'm worried they'll start to think I'm unreliable or don't value their friendship.",anxiety
VALIDATE,"I had a moment of panic today when I couldn't find my wallet. Even after I found it, the anxiety lingered, turning what should have been relief into an extended period of unease.",anxiety
VALIDATE,"I felt a sense of dread all day about an upcoming doctor's appointment. Health-related anxiety makes every visit seem like it will bring bad news, even when I'm going for a routine check-up.",anxiety
VALIDATE,"The thought of upcoming changes at work has me tied up in knots. I find myself catastrophizing about job security and my future, even though I have no real reason to believe things will go badly.",anxiety
TEST,"I wrote and rewrote a simple email multiple times today, anxious about how it would be received. It's such a small thing, but in my mind, it feels like every word is a potential mistake.",anxiety
TEST,"I noticed my hands were shaking during a casual coffee meet-up with a friend. It's embarrassing when physical symptoms of my anxiety become visible to others, making me even more anxious.",anxiety
TEST,"Seeing everyone's highlights on social media makes me spiral into comparing my life to theirs. It's irrational, but it feeds my anxiety, making me feel like I'm not living up to some invisible standard.",anxiety
TEST,"Every creak and noise in my house at night sends my heart racing. I logically know it's nothing, but my anxious mind jumps to the worst conclusions, robbing me of peace and sleep.",anxiety
TEST,"Even when I have a day off, I can't seem to relax and enjoy it. I feel guilty for not being productive, and anxious thoughts fill the void, making me wish I was back at work just for the distraction.",anxiety
TEST,I had to take a deep breath and muster all my courage just to make a simple phone call today. Phone anxiety makes every ring feel like a looming challenge.,anxiety
TEST,"I keep replaying conversations in my head, worrying that I said something wrong or offended someone. It's exhausting how my mind seeks out reasons to be anxious.",anxiety
TRAIN,Today felt like moving through molasses; even getting out of bed was a monumental task.,depression
TRAIN,"I looked at my favorite book and felt nothing, it's like all the color has drained from things I used to love.",depression
TRAIN,"There was a gathering I was invited to, but the thought of smiling and pretending made it impossible to go.",depression
TRAIN,"I keep asking myself, ""What's the point?"" even with simple things, and I don't have an answer.",depression
TRAIN,"The world feels like it's in shades of gray, and I can't remember the last time I saw things in color.",depression
TRAIN,"I tried to reach out to a friend, but the words wouldn't come. It's like I'm trapped behind a glass wall.",depression
TRAIN,"I heard laughter today and it sounded so foreign, I can't recall the last time I genuinely laughed.",depression
TRAIN,There's this heavy blanket of sadness on me that I just can't seem to shake off.,depression
TRAIN,I looked in the mirror and didn't recognize the person staring back at me. Where did I go?,depression
TRAIN,Everything feels overwhelming; even small tasks feel like climbing mountains.,depression
TRAIN,"I know people care about me, but in these moments, it feels like I'm completely alone in the world.",depression
TRAIN,"I saw pictures of myself smiling from a year ago, and it feels like that person is gone.",depression
TRAIN,"There are moments when I feel a flicker of hope, but it gets extinguished so quickly by overwhelming despair.",depression
TRAIN,"I keep losing track of time, days blend into each other, and nothing seems to matter.",depression
TRAIN,"It's like there's a constant fog in my mind, and I can't think clearly or find my way through it.",depression
TRAIN,"I wanted to cry today, but even tears seem too far out of reach, like I'm beyond sadness.",depression
TRAIN,"I feel like I'm a burden to my loved ones, even though they say I'm not.",depression
TRAIN,"Food has lost its taste, and music its melody; everything feels dull and lifeless.",depression
TRAIN,"The future feels like a dark tunnel with no light at the end, just endless darkness.",depression
TRAIN,"I'm tired all the time, but sleep doesn't bring relief, only a brief escape from the numbness.",depression
VALIDATE,Today feels heavy. Dealing with the weight of depression. Need a boost.,depression
VALIDATE,Isolation is getting to me. How do you cope with depression when it hits?,depression
VALIDATE,Waking up each day feels like an uphill battle. The weight of sadness is a heavy companion that never seems to lift.,depression
VALIDATE,"every task, no matter how small, becomes an overwhelming challenge. It's like trying to navigate through a fog of hopelessness.",depression
VALIDATE,"Smiling becomes a mask, hiding the constant turmoil inside. Depression is a silent storm that rages within, leaving me drained.",depression
VALIDATE,The world loses its colors when depression sets in. Even the things I used to enjoy feel distant and unappealing.,depression
TEST,"Energy is a scarce resource, and the simplest activities drain it further. Depression turns every day into a marathon of exhaustion.",depression
TEST,"Sleep is elusive, and when it comes, it offers no solace. Nights are spent wrestling with intrusive thoughts and a restless mind.",depression
TEST,"Connecting with others feels like an impossible task. Depression creates a wall, isolating me from the support I so desperately need.",depression
TEST,"Goals and aspirations become distant dreams. Depression whispers doubts, making it hard to believe in a brighter future.",depression
TEST,"The loneliness is palpable, even in a crowded room. Depression distorts perceptions, making it difficult to reach out for help.",depression
TEST,I am not happy. I am sad because of my loneliness. Getting up from bed is a struggle.,depression
TEST,"Time loses its meaning. Depression makes every moment a struggle, stretching seconds into an endless, painful crawl.",depression
TRAIN,Doubting my abilities lately. How do you boost self-confidence?,self_confidence
TRAIN,Impostor syndrome kicking in. Tips on building confidence at work?,self_confidence
TRAIN,"Every decision feels like a potential mistake. Self-doubt creeps in, making it hard to trust my own judgment.",self_confidence
TRAIN,Comparison becomes a constant companion. It's difficult to see my worth when measured against others,self_confidence
TRAIN,The fear of failure is paralyzing. It's hard to take risks when self-confidence is overshadowed by the anticipation of making mistakes.,self_confidence
TRAIN,Compliments are met with skepticism. Accepting praise feels foreign when self-esteem is on shaky ground.,self_confidence
TRAIN,Afraid to speak up in meetings or share ideas. The fear of being judged and the lack of self-confidence hold me back.,self_confidence
TRAIN,Setting boundaries becomes a challenge. It's difficult to assert myself when the fear of rejection looms large.,self_confidence
TRAIN,The imposter syndrome is a constant companion. It's hard to internalize achievements when self-confidence is clouded by feelings of inadequacy.,self_confidence
TRAIN,Even small setbacks feel like personal failures. Building resilience in the face of adversity seems like an uphill battle.,self_confidence
TRAIN,Avoiding new challenges for fear of not measuring up. Self-confidence falters in the face of the unknown.,self_confidence
TRAIN,The inner critic is relentless. Self-confidence erodes when every mistake is magnified and every success is downplayed.,self_confidence
TRAIN,"I lack confidence when I don't wear makeup or dress well. Going outside, being in a crowd without focusing on my appearance gives me a lot of anxiety.",self_confidence
TRAIN,"I had an idea in the meeting today, but I was too afraid to speak up. It's like there's a voice in my head always telling me my contributions aren't valuable.",self_confidence
TRAIN,"Every time I have a good day and feel a bit more confident, one small setback sends me spiraling back into self-doubt. It's like I'm stuck in this cycle I can't break free from.",self_confidence
TRAIN,"Looking in the mirror this morning, all I could see were my flaws. It's hard to feel confident when you can't find anything to like about yourself.",self_confidence
TRAIN,"I dream of traveling and experiencing new things, but my lack of confidence holds me back. It's like I'm a prisoner of my own fears.",self_confidence
TRAIN,"I wanted to join the conversation at lunch, but I kept worrying that I'd say something silly or irrelevant. It's frustrating feeling like you're on the outside looking in.",self_confidence
TRAIN,"I wish I could join a gym or a class to get in shape, but the thought of being judged by others is terrifying. It feels safer to just stay home.",self_confidence
TRAIN,"I saw a job posting that I'm qualified for, but I didn't apply. I convinced myself they'd find someone better suited for the role.",self_confidence
VALIDATE,The thought of going to an interview fills me with dread. Selling myself and my skills feels impossible when my self-esteem is so low.,self_confidence
VALIDATE,"I received a compliment today, but my immediate thought was that they were just being polite. I wish I could accept kind words without second-guessing the intentions behind them.",self_confidence
VALIDATE,"I saw everyone's posts on social media about their achievements, and it made me feel like I'm falling behind. It's tough not to compare yourself to others and feel inadequate.",self_confidence
VALIDATE,"I was invited to a social event, but the thought of trying to fit in and make a good impression is overwhelming. It's easier to just avoid these situations altogether.",self_confidence
VALIDATE,"I had a chance to lead a project, but the fear of failure held me back. The thought of letting everyone down is paralyzing.",self_confidence
VALIDATE,"Every time I make a mistake, it feels like confirmation that I'm not good enough. I know everyone messes up sometimes, but for me, it feels like a pattern.",self_confidence
TEST,"I keep replaying conversations in my head, worrying about how I came across. It's exhausting, constantly analyzing and doubting every interaction.",self_confidence
TEST,"I wanted to try a new hobby, but the fear of not being good at it right away stopped me. I hate feeling like a beginner and potentially facing embarrassment.",self_confidence
TEST,I avoid looking people in the eye because I'm scared they'll see my insecurities. It's like I'm trying to hide behind an invisible barrier.,self_confidence
TEST,Seeing everyone else seem so confident and put-together makes me wonder why I struggle so much with self-doubt. It feels like I'm missing something fundamental that everyone else has figured out.,self_confidence
TEST,"I wrote down my goals for the year, but looking at them, I'm already doubting my ability to achieve any of them. It's like setting myself up for failure before I even start.",self_confidence
TEST,The thought of going to an interview fills me with dread. Selling myself and my skills feels impossible when my self-esteem is so low.,self_confidence
TEST,I hesitate to share my opinions because I'm convinced they're not as insightful or interesting as what others have to say. It's like I'm silencing myself before anyone else can.,self_confidence
TRAIN,"I stared at my computer screen for hours today, feeling like I'm just going through the motions. Is this all there is to my career?",career
TRAIN,Today was particularly hard. I realized I don't feel passionate about my work anymore. How do I find something that lights that spark in me again?,career
TRAIN,"I heard about a friend's promotion, and while I'm happy for them, it made me question my own career path. Why do I feel so stuck while others move forward?",career
TRAIN,"I came across a job listing that sounded exciting, but I'm not sure I have what it takes to make the leap. The thought of leaving my comfort zone is daunting.",career
TRAIN,"I keep thinking about going back to school or learning a new skill, but the time and financial investment scare me. Am I too late to change my career path?",career
TRAIN,"I wanted to ask for a raise today but couldn't muster the courage. It's like I'm waiting for someone to notice my hard work, but what if they never do?",career
TRAIN,"I feel like my skills are being wasted in my current role. There's so much more I want to do, but I don't know how to break out of this box.",career
TRAIN,"I tried networking today, but it felt like everyone else has it all figured out. How do I even begin to explain that I don't know what I want?",career
TRAIN,"I see my peers advancing and taking on exciting projects, and I wonder why I'm not among them. Is it my lack of ambition, or am I just not good enough?",career
TRAIN,"I looked through my resume, and it just seems so uninspiring. How do I make myself stand out when I don't even feel confident in where I am?",career
TRAIN,"I thought about talking to a career coach, but the fear of being judged for not having a clear direction holds me back. How do I admit I need help?",career
TRAIN,Every job application feels like throwing a message in a bottle into a vast ocean. How do I make my plea for a new opportunity heard?,career
TRAIN,"Today, I almost broke down in a meeting. I'm tired of pretending to be invested when my mind is constantly wandering to what else I could be doing.",career
TRAIN,I wish I had a mentor to guide me through these career uncertainties. It feels like I'm navigating a dark forest without a map.,career
TRAIN,"I read an article about following your passion, and it just made me feel more lost. What if I don't have a passion to follow?",career
TRAIN,"I've been doing the same job for years, and the thought of starting over is terrifying. But staying feels even more suffocating.",career
TRAIN,I envy those who have a clear career path. I'm at a crossroads and the signs seem to be pointing in every direction but the one I need.,career
TRAIN,"I want to contribute more, to feel like my work matters, but I'm not sure where to start. How do I find a role that fits me?",career
TRAIN,"I daydream about quitting my job and starting something of my own, but then reality sets in. How do I take that first step without risking everything?",career
VALIDATE,"I feel like my current role doesn't challenge me anymore, but I'm not sure what the next step should be. How do I find a role that grows with me?",career
VALIDATE,Considering a career change. Any advice on navigating a new path?,career
VALIDATE,Feeling stuck in my job. How did you find fulfillment in your career?,career
VALIDATE,Every morning feels like a battle to get out of bed. The thought of another day at work is more draining than the workload itself,career
VALIDATE,The passion I once had for my job has dwindled. It's disheartening to feel like a cog in a machine rather than someone making a meaningful contribution.,career
VALIDATE,Mondays are a constant reminder of the dissatisfaction with my career. The weekend becomes a temporary escape from the impending workweek.,career
TEST,"Each task feels like a chore, devoid of any sense of accomplishment. It's demoralizing to see my potential untapped in a job that offers little fulfillment.",career
TEST,"Long hours and late nights, yet the work feels unappreciated. The lack of recognition takes a toll on my motivation and overall job satisfaction.",career
TEST,"The workplace culture feels toxic, and navigating office politics is a daily struggle. It's hard to thrive in an environment that fosters negativity.",career
TEST,Dreams of a fulfilling career have been replaced by the monotony of a job that no longer inspires. It's a disheartening realization.,career
TEST,"Career goals are on hold, and the trajectory is unclear. Feeling stuck in a position that offers no room for growth is incredibly frustrating.",career
TEST,The mismatch between my skills and the demands of the job is evident. It's a constant battle to find a sense of purpose in the tasks at hand.,career
TEST,Passion has been replaced by a sense of obligation. The career path I once envisioned seems like a distant dream in the face of daily dissatisfaction.,career
TRAIN,Reflecting on societal issues. How can we contribute to positive change?,society and social acceptance
TRAIN,Impact of social issues on mental health. Let's discuss and raise awareness.,society and social acceptance
TRAIN,"In a world that feels increasingly connected, the irony is the growing sense of isolation. Loneliness creeps in even in the midst of a bustling society.",society and social acceptance
TRAIN,"Trying to fit into societal expectations, yet feeling like an outsider. Loneliness becomes a constant companion in a crowd that doesn't understand.",society and social acceptance
TRAIN,"Social media amplifies the illusion of connection, but the reality is a profound sense of loneliness. Likes don't replace meaningful conversations and genuine connections.",society and social acceptance
TRAIN,The pressure to conform to societal norms weighs heavy. Loneliness deepens as I struggle to find authenticity in a world that demands conformity.,society and social acceptance
TRAIN,Every social event becomes an anxiety-inducing ordeal. Loneliness is paradoxically heightened in the pursuit of social acceptance.,society and social acceptance
TRAIN,Watching others seemingly thrive socially adds to the burden of loneliness. It's a struggle to break free from the isolation that society unintentionally imposes.,society and social acceptance
TRAIN,Judgment and expectations make genuine connections scarce. Loneliness grows as societal standards overshadow the pursuit of authentic relationships.,society and social acceptance
TRAIN,The societal emphasis on success and achievement leaves little room for vulnerability. Loneliness sets in as the fear of judgment keeps emotions bottled up.,society and social acceptance
TRAIN,"In a hyper-connected world, the irony is the profound sense of disconnection. Loneliness becomes a silent battle in a society that values surface-level interactions.",society and social acceptance
TRAIN,The fear of being misunderstood intensifies the loneliness. It's a struggle to find acceptance in a society that often prioritizes conformity over individuality.,society and social acceptance
TRAIN,"I walked through the city today, surrounded by crowds, yet I've never felt more invisible. It's like there's an invisible barrier between me and the rest of the world.",society and social acceptance
TRAIN,"I shared my thoughts in a group today, but the moment I saw their disinterested faces, I wished I could take my words back. It's disheartening to feel like your voice doesn't matter.",society and social acceptance
TRAIN,"I tried to blend in at the party, laughing and nodding at the right moments, but inside, I felt like a foreigner in a land where I don't speak the language.",society and social acceptance
TRAIN,"I posted what I thought was an important message on social media, only to be met with silence. It's like shouting into the void, hoping for an echo that never comes.",society and social acceptance
TRAIN,"I see groups of friends, tight-knit and laughing, and I wonder, what's the secret? What am I missing that keeps me on the outside looking in?",society and social acceptance
TRAIN,"I wore my favorite outfit today, hoping to feel confident, but the sideways glances in the subway made me want to disappear. It's exhausting trying to fit into a mold that wasn't made for you.",society and social acceptance
TRAIN,"I shared a part of my true self today, only to have it met with judgment. It's moments like these that make me want to build higher walls around my heart.",society and social acceptance
VALIDATE,"I feel like society has a script, a way you're supposed to be, and every day I struggle because I don't fit those lines. It's like being in a play where everyone knows their part but me.",society and social acceptance
VALIDATE,"I sat at the back of the class, surrounded yet alone. It's as if there's an unspoken rule that some people just don't belong, and I'm one of them.",society and social acceptance
VALIDATE,"I expressed my opinion today, only to be shot down. It's like there's a price to pay for being different, and sometimes I wonder if it's too high.",society and social acceptance
VALIDATE,"I long for a place where I can be unapologetically myself, but it feels like such a place doesn't exist in the confines of our judgmental society.",society and social acceptance
VALIDATE,"I dressed in a way that felt true to me, but the disapproving looks made me second guess myself. Why is it so hard for society to accept diversity in all its forms?",society and social acceptance
VALIDATE,"I shared my dreams today, only to be laughed at. It's like society wants you to dream, but only if those dreams fit within a certain box.",society and social acceptance
TEST,"I reached out for help today, only to be told to ""just cheer up."" It's like the depth of my feelings is too inconvenient for a society that values superficial happiness.",society and social acceptance
TEST,"I feel like I'm constantly wearing a mask, playing a part to be accepted. But every night, I wonder, who am I when the mask comes off?",society and social acceptance
TEST,"I tried to stand up for what I believe in, but the backlash was overwhelming. It's like you're only allowed a voice if it echoes the majority.",society and social acceptance
TEST,"I crave genuine connections, but small talk and surface-level interactions leave me feeling more alone than ever. Is there no space for depth in our fast-paced world?",society and social acceptance
TEST,"I dared to be different, to stand out, but the stares and whispers made me shrink back. It's a cruel irony that a society that celebrates individuality in theory often shuns it in practice.",society and social acceptance
TEST,"I opened up about my struggles, but the stigma and misunderstanding I faced made me regret it. It's like society has no room for the complexities of the human experience.",society and social acceptance
TEST,"Every time I try to break out of the mold, society seems to have a way of pushing me back in. It's like the world is afraid of what it doesn't understand.",society and social acceptance
TRAIN,"Tonight, we laughed until our sides hurt, and in those moments, I felt an overwhelming sense of belonging and happiness.",love and relationships
TRAIN,"They remembered something I mentioned in passing weeks ago, and it's the small acts of thoughtfulness that make me feel deeply loved.",love and relationships
TRAIN,"Today was tough, but coming home to their unwavering support made all the difference. It's in these moments I realize the strength of our bond.",love and relationships
TRAIN,"We had a disagreement, but the way we communicated and resolved it only brought us closer. It's reassuring to know we can navigate challenges together.",love and relationships
TRAIN,I woke up to a message that brightened my entire day. It's amazing how a few simple words can remind me I'm cherished and valued.,love and relationships
TRAIN,"Today, I felt a distance between us that words couldn't bridge. It's like we're speaking different languages, and I'm not sure how to find common ground.",love and relationships
TRAIN,"I found myself recounting the happy memories, trying to remember when things started to change. It's hard to pinpoint when the distance crept in.",love and relationships
TRAIN,"Tonight, the silence was deafening. We were together, yet I've never felt lonelier. It's moments like these that make me question everything.",love and relationships
TRAIN,"We had another argument, and the harsh words lingered long after. It's becoming harder to see the love through the hurt.",love and relationships
TRAIN,"I keep hoping things will go back to the way they were, but with each passing day, that hope dims. It's like holding onto the ghost of what used to be.",love and relationships
TRAIN,"Today, they made my favorite meal just to cheer me up. It's the little gestures of kindness that make me feel deeply understood and cared for.",love and relationships
TRAIN,"We spent the evening sharing our dreams for the future, and it felt like our hearts were truly aligned. It's comforting to know we're on the same path.",love and relationships
TRAIN,"During our walk, they grabbed my hand at the perfect moment, and I felt a rush of warmth and safety. It's these small connections that mean the world to me.",love and relationships
TRAIN,"They encouraged me to pursue a passion I'd set aside, showing me they believe in me sometimes more than I believe in myself. It's uplifting to have such unwavering support.",love and relationships
TRAIN,"We faced a challenge together today, and their calm presence made all the difference. It's in times of adversity that I'm reminded of the strength of our partnership.",love and relationships
TRAIN,"I can't shake the feeling of being taken for granted lately. It's like my efforts are invisible, and it's leaving me feeling unappreciated and exhausted.",love and relationships
TRAIN,"Today, I reached out for comfort and was met with indifference. It's moments like these that make me feel alone in this relationship.",love and relationships
TRAIN,"We had plans tonight, but they forgot—again. It's becoming a pattern, and each time it happens, I feel a little less important.",love and relationships
TRAIN,"I tried to express my feelings, but they were dismissed. It's disheartening when your emotions are treated as an inconvenience.",love and relationships
TRAIN,The constant comparisons to others are wearing me down. It's hard to feel loved when you're constantly being measured against someone else's standards.,love and relationships
TRAIN,Navigating a rocky relationship phase. Tips for open communication?,love and relationships
TRAIN,How do you maintain a healthy relationship amidst life's challenges?,love and relationships
TRAIN,Communication feels like a constant minefield. Misunderstandings and conflicts make building and maintaining relationships challenging.,love and relationships
TRAIN,"Opening up emotionally is difficult. Trust issues linger, making it hard to be vulnerable with others.",love and relationships
TRAIN,Fear of rejection hinders connection. The struggle to believe that I am worthy of love and acceptance creates barriers in forming relationships.,love and relationships
TRAIN,Balancing independence and intimacy is a constant challenge. Navigating the space between 'too close' and 'too distant' feels like walking on a tightrope.,love and relationships
VALIDATE,The fear of abandonment lingers in every relationship. Past experiences of loss make it hard to fully invest in new connections,love and relationships
VALIDATE,Struggling with setting boundaries. It's challenging to assert my needs without the fear of driving others away.,love and relationships
VALIDATE,Social anxiety complicates every social interaction. Building connections becomes a daunting task in the face of overwhelming self-consciousness.,love and relationships
VALIDATE,Past betrayals cast a long shadow. Rebuilding trust after being hurt in previous relationships is an ongoing struggle.,love and relationships
VALIDATE,The pressure to conform to relationship expectations is stifling. It's hard to find authenticity when societal norms dictate the 'right' way to love.,love and relationships
VALIDATE,Constantly second-guessing the intentions of others. The fear of being taken advantage of or misunderstood makes forming connections a cautious process.,love and relationships
VALIDATE,"Love feels elusive, and the search for a meaningful connection becomes a journey filled with heartbreak and disappointment.",love and relationships
VALIDATE,Every failed relationship leaves a scar. It's hard to believe in lasting love when trust is shattered repeatedly,love and relationships
TEST,Finding the balance between independence and companionship is a constant struggle. Fear of losing oneself in a relationship creates inner turmoil.,love and relationships
TEST,"The fear of vulnerability makes it difficult to fully open up to someone. Guarded emotions hinder the possibility of deep, authentic connections.",love and relationships
TEST,The quest for perfection in a partner becomes a source of frustration. Unrealistic expectations make it challenging to accept love as it is.,love and relationships
TEST,Past heartbreaks cast a shadow on the potential for new love. Moving forward feels like navigating a minefield of emotional triggers.,love and relationships
TEST,The pressure to conform to societal expectations of love is suffocating. Authentic connection becomes elusive when societal norms dictate the 'right' way to love.,love and relationships
TEST,The fear of rejection looms large. It's hard to put oneself out there when the possibility of being hurt again feels too great.,love and relationships
TEST,Balancing self-love and romantic love feels like an intricate dance. Struggling to find a partner who complements rather than defines one's worth.,love and relationships
TEST,The paradox of longing for love yet fearing it. The vulnerability that love requires seems like an insurmountable risk.,love and relationships
TRAIN,"Tonight, an innocent comment at dinner triggered a flood of memories I thought I had buried. It's like the past is always lurking, ready to resurface at the slightest provocation.",family trauma
TRAIN,"I heard a song today that took me straight back to that moment. My heart raced, and I couldn't breathe. It's terrifying how a simple melody can hold so much power over my emotions.",family trauma
TRAIN,"Today was a family gathering, and I spent the whole time on edge, waiting for the old patterns to emerge. It's exhausting, constantly bracing for the worst.",family trauma
TRAIN,"I found an old photo album, and flipping through it was like walking through a minefield of emotions. It's painful how something as simple as a photograph can evoke such a strong response.",family trauma
TRAIN,"Tonight, I lay awake, replaying conversations that should have been harmless but felt like veiled criticisms. It's like I'm wired to expect hurt from those who are supposed to love me.",family trauma
TRAIN,"I tried to share my feelings with a family member, but the walls went up immediately. It's disheartening to realize that some bridges might never be rebuilt.",family trauma
TRAIN,"A family member made a joke today that hit too close to home. Laughing it off was the expected response, but inside, I felt the old wounds reopen.",family trauma
TRAIN,"Today, a smell brought me back to a place I've tried hard to forget. It's startling how the senses can transport you back in time, reopening old scars.",family trauma
TRAIN,"I attempted to set boundaries with my family today, but it was met with resistance and guilt-tripping. It's like trying to navigate a labyrinth without a map.",family trauma
TRAIN,"I received a message from a family member that should have been comforting, but instead, it stirred a whirlpool of anxiety. It's confusing when love and pain are so intertwined.",family trauma
TRAIN,"During a seemingly normal conversation today, a certain tone of voice sent shivers down my spine, reminiscent of times when words were a prelude to something more sinister. It's alarming how certain sounds can trigger such a visceral response.",family trauma
TRAIN,"I stumbled upon an old object from my childhood, and instead of nostalgia, I was flooded with memories of fear and helplessness. It's disturbing how inanimate objects can become symbols of past torment.",family trauma
TRAIN,"A scene in a movie depicted a character experiencing abuse, and my reaction was so intense I had to leave the room. It's like reliving those moments all over again, even in fiction.",family trauma
TRAIN,"Today, I flinched at a sudden movement near me, even though I knew I was in a safe place. It's frustrating how my body remembers and reacts to perceived threats, even when my mind knows I'm no longer in danger.",family trauma
TRAIN,"I heard a story similar to my own, and it brought everything rushing back. It's a strange mix of comfort and agony, knowing you're not alone in your experiences.",family trauma
TRAIN,"A family member raised their voice in frustration, and I immediately shut down. It's like my mind reverts to survival mode, even in benign situations.",family trauma
TRAIN,"I tried to participate in a group activity, but the closeness and noise overwhelmed me, echoing the chaos of my past. It's challenging to find a sense of normalcy when your reference points are so skewed.",family trauma
TRAIN,"I had a dream last night that was too close to past realities, and I woke up feeling as though I hadn't escaped after all. It's disheartening when even sleep isn't a refuge.",family trauma
TRAIN,"An unexpected touch, though meant kindly, made my skin crawl. It's disconcerting how the intention behind the action matters less than the memories it invokes.",family trauma
TRAIN,"Today, I struggled with feelings of unworthiness that stem from constant belittlement in the past. It's a difficult journey, learning to separate others' perceptions from your self-worth.",family trauma
TRAIN,Dealing with family trauma. Seeking support and coping strategies.,family trauma
VALIDATE,Healing from past family wounds. Share your stories of resilience.,family trauma
VALIDATE,Family gatherings are a source of anxiety. Past conflicts and unresolved issues cast a shadow over what should be moments of joy.,family trauma
VALIDATE,Navigating strained family relationships feels like walking on eggshells. The weight of unresolved conflicts makes every interaction tense.,family trauma
VALIDATE,The scars from family trauma run deep. It's a constant battle to heal from wounds inflicted by those who should provide support and love.,family trauma
VALIDATE,Trust in family bonds has been shattered. The aftermath of betrayal and deceit makes it challenging to rebuild a sense of familial security.,family trauma
VALIDATE,The ache for a sense of belonging is met with disappointment. Feeling like an outsider in one's own family intensifies the pain of familial disconnection.,family trauma
TEST,Patterns of dysfunction persist. Breaking free from the cycle of family issues seems like an uphill battle.,family trauma
TEST,Trying to set boundaries is met with resistance. The struggle to assert independence is met with pushback from a family that resists change.,family trauma
TEST,Unresolved childhood trauma impacts adult relationships. It's a challenge to form healthy connections when the past continues to haunt the present.,family trauma
TEST,Emotional distance within the family is palpable. Longing for emotional support and understanding feels unattainable in a family plagued by detachment.,family trauma
TEST,Coping with the aftermath of family betrayal. The impact of familial wounds makes it difficult to trust others and form healthy relationships.,family trauma
TEST,"Personal boundaries are constantly violated. Family drama spills into personal space, making it hard to find refuge from the chaos.",family trauma
TEST,"Trying to stay neutral in the midst of family conflicts feels impossible. The drama pulls everyone into its vortex, leaving no room for peace.",family trauma
TRAIN,"I tried on several outfits today, but nothing felt right. It's like every mirror reflects back a version of myself I can't seem to accept.",body image
TRAIN,"I caught my reflection in a store window, and all I could see were my flaws. It's exhausting feeling like you're in a constant battle with your own body.",body image
TRAIN,"Today was a beach day with friends, and while they all seemed carefree, I spent the whole time wrapped up and hiding. It's like I'm living in a prison built from my insecurities.",body image
TRAIN,"I saw a photo of myself from the gathering last night, and all I could focus on was how I looked compared to everyone else. It's like my eyes have their own filter, highlighting only the negatives.",body image
TRAIN,"I received a compliment today, but it felt like they were just being polite. It's hard to believe kind words when they don't match the image you have of yourself.",body image
TRAIN,"I tried a new fitness class today, hoping it would boost my confidence. But surrounded by mirrors and other people, I felt more aware of my insecurities than ever.",body image
TRAIN,"I wanted to try a new hairstyle, but the thought of drawing any attention to myself made me anxious. It's like I'm constantly trying to blend into the background.",body image
TRAIN,"Today, I realized I spend so much time comparing myself to others on social media. It's a cycle of scrolling and self-criticism that I can't seem to escape.",body image
TRAIN,"I had to speak in front of a group today, and all I could think about was how I must look from the audience. It's like my body image issues are taking over my mind, overshadowing my abilities and accomplishments.",body image
TRAIN,"I skipped a meal today, thinking it might make me feel better about myself. But it only led to more negative thoughts and guilt. It's like I'm trapped in a cycle of trying to control something that's never really in control.",body image
TRAIN,"I went shopping for new clothes today, but left the store empty-handed and disheartened. Every piece I tried on seemed to accentuate the parts of me I'm most insecure about.",body image
TRAIN,"During a group photo, I found myself hiding in the back, hoping to be as invisible as possible. It's painful feeling like you don't want to be seen.",body image
TRAIN,"I spent an hour getting ready this morning, but no matter what I did, I couldn't feel satisfied with my appearance. It's like I'm chasing an ideal that keeps moving further away.",body image
TRAIN,"I overheard someone at the gym talking about their diet and workout routine, and it sent me spiraling, wondering if I should be doing more, or less, or something different entirely. It's overwhelming, the pressure to conform to an arbitrary standard.",body image
TRAIN,"I saw someone wearing the outfit I've been too afraid to try myself. They looked so confident and comfortable, and I couldn't help but wonder what it would take for me to feel that way too.",body image
TRAIN,"I avoided the mirror all day, trying to escape the critical voice in my head that picks apart every imperfection. But even without looking, the voice was still there, louder than ever.",body image
TRAIN,"I tried to open up to a friend about how I'm feeling about my body, but they brushed it off with a ""you look fine."" It's disheartening when your internal struggle is minimized or dismissed.",body image
TRAIN,"During a workout, instead of focusing on how strong I felt, all I could think about was how I compared to everyone else in the room. It's like I'm measuring my worth in physical terms, and always coming up short.",body image
TRAIN,"I watched a movie with stunning actors and found myself feeling worse and worse about my own appearance. It's like these images are everywhere, constantly reminding me of how I ""should"" look.",body image
TRAIN,"I wrote a list of things I like about myself, trying to focus on the positive. But for every item I wrote down, my mind countered with a negative. It's a battle, trying to find self-acceptance in a world that feels like it's always telling you you're not enough.",body image
TRAIN,Struggling with body image issues. How to cultivate self-love and acceptance?,body image
TRAIN,Pressure to conform to beauty standards. How do you embrace your body?,body image
TRAIN,Every reflection is met with criticism. It's a daily battle to silence the negative thoughts about my appearance.,body image
VALIDATE,Comparison with societal standards feels relentless. The pressure to conform to an idealized body image makes self-acceptance elusive.,body image
VALIDATE,Clothing shopping becomes a source of anxiety. The mirror reflects insecurities instead of the joy of finding the perfect outfit.,body image
VALIDATE,The fear of judgment from others amplifies self-consciousness. It's hard to feel comfortable in my own skin when surrounded by societal expectations.,body image
VALIDATE,"Weight fluctuations trigger waves of self-doubt. The struggle to embrace my body, regardless of its size, feels like an uphill journey.",body image
VALIDATE,Comments about physical appearance cut deep. The impact of external opinions on my body image takes a toll on self-esteem.,body image
VALIDATE,Social media fuels body dissatisfaction. Filters and edited images create unrealistic beauty standards that seem impossible to attain.,body image
VALIDATE,Fearing the judgment of others hinders social interactions. Body image concerns become a barrier to forming meaningful connections.,body image
VALIDATE,Exercise becomes a punishment rather than a source of joy. The pursuit of a 'perfect' body overshadows the importance of physical and mental well-being.,body image
TEST,The mirror becomes a harsh critic. Learning to appreciate my body for its strength and resilience feels like an ongoing struggle.,body image
TEST,Scrolling through social media triggers jealousy. Comparing my body to others' seemingly 'perfect' images leaves me feeling inadequate.,body image
TEST,Seeing others embrace their bodies with confidence intensifies my own insecurities. The green-eyed monster of body image jealousy creeps in.,body image
TEST,Fitness influencers and models create an unattainable standard. Jealousy surfaces as I long for a body that mirrors the curated images online.,body image
TEST,Celebrity bodies become a constant source of envy. The pressure to conform to Hollywood ideals fuels body image jealousy.,body image
TEST,Compliments to others trigger self-doubt. Jealousy sneaks in when it seems everyone else is effortlessly comfortable in their own skin.,body image
TEST,Jealousy peaks during social events. The fear of being judged based on appearance intensifies when surrounded by seemingly 'perfect' bodies.,body image
TEST,The cycle of comparison becomes overwhelming. Jealousy grows as I long for the confidence others seem to effortlessly possess.,body image
TRAIN,Procrastination is my constant companion. How to break the cycle?,procrastination
TRAIN,"Deadline approaching, and I'm stuck in procrastination mode. Help!",procrastination
TRAIN,"Deadlines approaching, but the procrastination monster has a tight grip. Starting tasks feels like an insurmountable challenge",procrastination
TRAIN,The to-do list grows longer as procrastination takes hold. It's frustrating to watch tasks pile up while the motivation to tackle them dwindles.,procrastination
TRAIN,Every intention to be productive is thwarted by the allure of distractions. Procrastination turns even the simplest tasks into daunting obstacles.,procrastination
TRAIN,The guilt of procrastination becomes a heavy burden. It's disheartening to watch time slip away while tasks remain untouched.,procrastination
TRAIN,The pressure to perform well clashes with the tendency to delay. Procrastination becomes a self-sabotaging cycle that hinders success.,procrastination
TRAIN,Long-term goals take a backseat to short-term comfort. Procrastination becomes a roadblock on the path to achieving aspirations.,procrastination
TRAIN,Starting a task is overshadowed by thoughts of perfectionism. The fear of not meeting high standards contributes to chronic procrastination.,procrastination
TRAIN,The stress of looming deadlines becomes a familiar companion. Procrastination seems to thrive in the face of impending time constraints.,procrastination
TRAIN,Planning to break the cycle of procrastination is met with resistance. It's a challenge to override the impulse to delay tasks.,procrastination
TRAIN,"The promise to 'start tomorrow' becomes a common mantra. Procrastination erodes the sense of agency, leaving tasks perpetually postponed.",procrastination
TRAIN,"I set my alarm early with the intention of getting a head start on the day, but when morning came, I just couldn't convince myself to get out of bed. It feels like my motivation is buried under a pile of excuses.",procrastination
TRAIN,"Today, I made a detailed to-do list, promising myself I'd tick off each item. But somehow, I ended up doing everything but the tasks that mattered. It's like I'm programmed to avoid what's important.",procrastination
TRAIN,"I sat down at my desk, ready to tackle that big project, but then I found myself cleaning the entire house instead. It's baffling how appealing mundane chores become when there's actual work to be done.",procrastination
TRAIN,"I told myself I'd start working as soon as I checked social media, but I fell down a rabbit hole of scrolling. Hours passed, and I accomplished nothing. It's like a trap I can't seem to escape.",procrastination
TRAIN,"Tonight, I'm feeling the weight of all the tasks I've been putting off. The guilt is overwhelming, yet somehow, it's still not enough to spur me into action. It's a frustrating cycle of avoidance and regret.",procrastination
TRAIN,"I keep waiting for the ""right moment"" to start my work, convincing myself that I'll be more focused later, but that moment never comes. It's like I'm chasing a time that doesn't exist.",procrastination
TRAIN,"Every time I think about starting my work, I'm paralyzed by the fear of not doing it perfectly. So, I end up doing nothing at all. It's like I'm my own biggest obstacle.",procrastination
VALIDATE,"I promised myself I wouldn't leave my assignment until the last minute, but here I am, the night before it's due, scrambling to get it done. It's like I haven't learned from my past mistakes.",procrastination
VALIDATE,"I had a whole free day to get ahead on my projects, but I squandered it on trivial things. Now, I'm facing another late night trying to catch up. It's disheartening to realize how much time I waste.",procrastination
VALIDATE,"I find myself bargaining for ""just 5 more minutes"" of leisure time, but those minutes turn into hours. It's like I'm negotiating with myself, and losing every time.",procrastination
VALIDATE,"I planned to start my day productively, but somehow I ended up watching just ""one more episode"" until the afternoon slipped away. It's like my sense of time distorts whenever I have important tasks pending.",procrastination
VALIDATE,"Every time I sit down to work, I suddenly remember a dozen little things I ""need"" to do first. By the time they're all done, I'm too drained to tackle what I originally set out to do.",procrastination
VALIDATE,"I keep telling myself that I work better under pressure, but deep down, I know that's just an excuse to justify my procrastination. The stress and panic aren't worth it.",procrastination
TEST,"I had every intention of going to bed early to start fresh tomorrow, but instead, I found myself aimlessly browsing the internet until late. It's like I'm sabotaging my own plans without understanding why.",procrastination
TEST,"I noticed that the closer a deadline gets, the more I avoid the task at hand. It's as if I'm frozen by the fear of failure, so I do nothing instead.",procrastination
TEST,"I set up a workspace free of distractions, yet I still find my mind wandering to everything but the work in front of me. It's frustrating how inventive my procrastination becomes when I'm trying to focus.",procrastination
TEST,"I promised myself a reward if I completed my task, yet even the promise of something enjoyable wasn't enough to keep me on track. It's like my desire to avoid the task outweighs everything else.",procrastination
TEST,"I keep underestimating how long tasks will take, telling myself I'll have plenty of time later. Then, when later comes, I'm overwhelmed by how much I have to do in so little time.",procrastination
TEST,"I felt a spark of motivation this morning, but by the time I dealt with all my ""urgent"" emails, the spark had died. It's like I'm letting the immediate drown out the important.",procrastination
TEST,"Each night, I go to bed vowing that tomorrow will be different, that I'll finally break my cycle of procrastination. Yet each morning, I find myself back in the same frustrating patterns.",procrastination
TRAIN,"Today, I felt a chill down my spine when I heard that familiar voice behind me. It's like I can't escape the memories, no matter how hard I try.",sexual harassment
TRAIN,"I found myself changing my route to avoid the place where it happened. It's frustrating how much power that spot holds over me, turning ordinary streets into mazes of fear.",sexual harassment
TRAIN,"Tonight, I struggled to sleep, replaying the incident in my mind, wishing I could somehow rewrite the ending. It's like a movie stuck on loop, with no way to press stop.",sexual harassment
TRAIN,"I wore baggy clothes today, trying to make myself invisible, to blend into the background. It's sad how much effort I put into avoiding attention, as if that could protect me.",sexual harassment
TRAIN,"Today, someone brushed past me, and I flinched as if struck. It's alarming how a simple, accidental touch can send waves of panic through me.",sexual harassment
TRAIN,"I saw someone at the store who looked like him, and my heart raced until I could barely breathe. It's like I'm constantly on edge, seeing shadows in every corner.",sexual harassment
TRAIN,"I tried to open up to a friend about what happened, but the words felt stuck in my throat. It's like there's a barrier between me and the rest of the world, built from my own silence.",sexual harassment
TRAIN,"Today, I forced myself to attend a meeting, but every time someone came too close, I felt trapped, looking for the nearest exit. It's like I'm caged by my own anxiety.",sexual harassment
TRAIN,"I heard a joke today that cut too close to my own experience. I laughed along, but inside, I felt like I was drowning. It's like I'm living in two worlds, one on the outside and one filled with pain on the inside.",sexual harassment
TRAIN,"Tonight, I cried in the shower, trying to wash away the feeling of his hands on me. It's like no matter how much water runs over my skin, I can't seem to feel clean.",sexual harassment
TRAIN,"I flinched at a colleague's casual pat on the back today. It's disheartening how such an innocent gesture can now feel so threatening, like a shadow has been cast over even the simplest human interactions.",sexual harassment
TRAIN,"Today, I caught myself scanning crowds for his face, even in places I know he'd never be. It's like my mind is playing tricks on me, turning everyday situations into sources of fear.",sexual harassment
TRAIN,"I heard his favorite song on the radio and had to pull over until the trembling stopped. It's frustrating how something as mundane as music can become a trigger, hijacking moments of peace.",sexual harassment
TRAIN,"I struggled to concentrate during a presentation, hyper-aware of every glance in my direction. It's like I'm constantly braced for judgment, for whispers and stares that might not even exist.",sexual harassment
TRAIN,"Today, I wore my hair down, hoping to hide behind it like a curtain. It's sad how I've started using my appearance as a shield, trying to blend into the background to avoid being noticed.",sexual harassment
TRAIN,"I saw a movie scene that hit too close to home, and I had to leave the theater. It's like there's no escape from reminders, no matter how much I try to immerse myself in normalcy.",sexual harassment
TRAIN,"I found an old photo of myself smiling, and I barely recognized the person I used to be. It's like that incident has drawn a line through my life, dividing it into 'before' and 'after.'",sexual harassment
TRAIN,"Today, I overheard someone making light of sexual harassment, and I felt a mix of anger and helplessness. It's like my reality is someone else's joke, trivializing the pain and struggle.",sexual harassment
TRAIN,"I hesitated before entering an elevator with a man I didn't know, memories flooding back and making my heart race. It's frustrating how my sense of safety has been shattered, turning everyday decisions into moments of fear.",sexual harassment
VALIDATE,"Tonight, I wrote a letter I'll never send, addressed to him, pouring out all the words I wish I could say. It's like I'm shouting into a void, desperate for some form of closure that seems just out of reach.",sexual harassment
VALIDATE,Experiencing workplace harassment. What steps can be taken for self-advocacy?,sexual harassment
VALIDATE,Support needed for survivors of sexual harassment. Let's stand together.,sexual harassment
VALIDATE,A colleague's inappropriate comments and advances at work have created an uncomfortable and unsafe environment for me.,sexual harassment
VALIDATE,Feeling violated after experiencing unwanted touching at a social event. It's distressing how personal boundaries were disregarded.,sexual harassment
VALIDATE,Enduring catcalling on the street has become a distressing routine. The lack of respect for personal space fuels a sense of vulnerability.,sexual harassment
TEST,"The workplace should be a safe space, but experiencing unwarranted sexual comments and gestures has shattered that sense of security.",sexual harassment
TEST,Unwanted advances from someone in a position of power have left me feeling powerless and exposed. It's a violation that's hard to shake off.,sexual harassment
TEST,An uncomfortable encounter at a party has turned into a haunting memory. The emotional toll of sexual harassment lingers long after the incident.,sexual harassment
TEST,Navigating public spaces comes with a constant fear of harassment. The anxiety of potential encounters affects my sense of freedom.,sexual harassment
TEST,Unwanted explicit messages online have created a sense of violation in what should be a private space. It's unsettling to deal with this invasion.,sexual harassment
TEST,Experiencing inappropriate behavior from a friend has strained our relationship. The betrayal and confusion after sexual harassment are overwhelming.,sexual harassment
TEST,The aftermath of sexual harassment includes self-blame and shame. It's a challenging journey to reclaim a sense of self-worth and security.,sexual harassment
TRAIN,Dealing with verbal abuse. How to set boundaries and protect mental health?,verbal harassment
TRAIN,Impact of constant criticism on mental well-being. Share coping strategies.,verbal harassment
TRAIN,Constant derogatory comments at work have created a hostile environment. Enduring verbal harassment is affecting my mental well-being.,verbal harassment
TRAIN,Experiencing name-calling and insults in social settings has eroded my confidence. Verbal harassment leaves lasting emotional scars.,verbal harassment
TRAIN,"In a toxic friendship, the constant stream of hurtful words is damaging. Verbal harassment from someone close feels like a betrayal.",verbal harassment
TRAIN,The impact of verbal harassment online is overwhelming. Hateful comments and cyberbullying have created a sense of vulnerability and fear.,verbal harassment
TRAIN,"At home, the verbal abuse creates a tense atmosphere. Enduring insults and criticism makes it difficult to find a sense of peace.",verbal harassment
TRAIN,"The workplace should be a space of professionalism, but verbal harassment from a superior has created a toxic and intimidating atmosphere.",verbal harassment
TRAIN,Public spaces become a source of anxiety due to verbal harassment. The fear of encountering hurtful comments affects my sense of safety.,verbal harassment
TRAIN,Dealing with constant mockery and taunts from peers is emotionally draining. Verbal harassment makes it challenging to maintain self-esteem.,verbal harassment
TRAIN,"In a romantic relationship, the verbal abuse has escalated to a point of deep distress. The impact on mental health is profound.",verbal harassment
TRAIN,Enduring constant ridicule and belittling has led to a loss of self-worth. Verbal harassment creates a sense of powerlessness and isolation.,verbal harassment
TRAIN,"Today, the echoes of their harsh words followed me long after the confrontation ended. It's like the air around me is thick with their criticism, making it hard to breathe, hard to think.",verbal harassment
TRAIN,"I caught myself flinching at the slightest raise in someone's voice, a conditioned response to too many raised voices aimed at me. It's unsettling how the body remembers and reacts even when the mind tries to forget.",verbal harassment
TRAIN,"Tonight, I rehearsed in my mind what I should have said, what I could have said, if only I'd had the courage in the moment. It's a hollow exercise, rewriting scenarios that have already left their mark.",verbal harassment
TRAIN,"Today, a friend joked in a way that hit too close to the bone, and I laughed it off, but inside, I felt that familiar sting. It's like I'm wearing a mask, hiding the hurt with a smile that doesn't quite reach my eyes.",verbal harassment
TRAIN,"I found myself avoiding conversations, staying on the periphery, out of fear of becoming the target again. It's like I'm building walls with my silence, trying to protect myself from the next onslaught of words.",verbal harassment
TRAIN,"Today, their voice invaded my thoughts again, uninvited and unwelcome, turning my own mind into an unfriendly place. It's like I'm trapped in a room with echoes of past hurts that won't fade away.",verbal harassment
TRAIN,"I realized today that I'm starting to believe the harsh things they've said about me. It's a dangerous slope, letting someone else's words paint the picture of who I am.",verbal harassment
VALIDATE,"Tonight, I lay awake, wondering why their words have the power to wound so deeply. It's like I've allowed their opinions to become the lens through which I view myself.",verbal harassment
VALIDATE,"Today, I tried to speak up, but the memories of past verbal attacks made my voice falter. It's frustrating how invisible scars can silence you, even when you have so much to say.",verbal harassment
VALIDATE,"I heard someone laugh in a way that sounded just like them, and for a moment, I was back in that place, bracing for the next cutting remark. It's disconcerting how certain sounds can become triggers, transporting you back to moments you'd rather forget.",verbal harassment
VALIDATE,"I avoided a gathering today, fearing the inevitable barbs disguised as banter. It's like I'm navigating a minefield, constantly wary of the next explosion of words aimed in my direction.",verbal harassment
VALIDATE,"Today, I found solace in the pages of my journal, the one place where words can't hurt me. It's my refuge from the storm of insults that seems to follow me in the outside world.",verbal harassment
VALIDATE,"I caught a glimpse of myself in the mirror and the critic in my head echoed their words, turning my reflection into an enemy. It's a battle to silence the external voices that have become my own internal monologue.",verbal harassment
TEST,"I hesitated before sharing my opinion in a meeting, haunted by the memory of being belittled in front of my peers. It's like I'm caged by my past experiences, my voice stifled by the fear of repeat humiliation.",verbal harassment
TEST,"Today, I heard laughter and immediately tensed, conditioned to associate it with mockery. It's disheartening when something as joyful as laughter becomes a source of anxiety.",verbal harassment
TEST,"I wore headphones all day, not for music, but to drown out the possibility of hearing those cutting remarks again. It's like I'm armoring myself against an invisible foe, using silence as a shield.",verbal harassment
TEST,"Tonight, I found myself wishing for the strength to confront them, to tell them how their words have haunted me. But in the light of day, that courage often fades, leaving me feeling powerless.",verbal harassment
TEST,"I tried to confide in someone about the verbal abuse, but the words felt trivial as I spoke them. It's challenging to convey the weight of words when they leave no visible marks.",verbal harassment
TEST,"Today, I practiced assertiveness techniques, hoping to build a fortress around myself against future attacks. It's like I'm preparing for battle, knowing well the weapon my adversary wields: words.",verbal harassment
TEST,"I noticed that I'm starting to withdraw from social interactions, the fear of criticism overshadowing the desire for connection. It's like I'm slowly fading into the background, trying to become as inconspicuous as possible to avoid their notice.",verbal harassment
TRAIN,"Today, I woke up with a list of things to do, but somehow the hours slipped by and I found myself staring at the same unchecked list this evening. It's like I'm stuck in a loop of wanting to do more but not finding the spark to start.",motivation
TRAIN,"I sat in front of my computer for hours, cursor blinking mockingly on a blank document. It's frustrating how even the simplest tasks seem insurmountable when motivation eludes me.",motivation
TRAIN,"I keep telling myself that tomorrow will be different, that I'll find the energy to tackle my goals, but each morning brings a repeat of the same lethargy. It's like I'm waiting for a sign that never comes.",motivation
TRAIN,"The gym clothes stayed folded, the running shoes untouched. I had every intention of exercising, but the couch held me in a comforting, yet unproductive, embrace all day.",motivation
TRAIN,"I saw others around me bustling with energy, ticking off accomplishments, and I wondered why that drive seems so absent in me. It's like I'm on the sidelines, watching life race by.",motivation
TRAIN,"I had a moment of inspiration today, a fleeting thought that I could change everything. But by the time I mustered the energy to begin, the spark had dimmed to a whisper.",motivation
TRAIN,"I told myself I'd start reading that book, the one that's been collecting dust on my shelf, promising a better me. But instead, I lost hours to meaningless scrolling, chasing distraction instead of growth.",motivation
TRAIN,"Tonight, I lay in bed recounting the day, and it felt like a rerun of too many others—full of potential in the morning, yet barren of achievement by night. It's a cycle I don't know how to break.",motivation
TRAIN,"I watched a motivational video, filled with tales of success and transformation. For a moment, I was buoyed by a wave of enthusiasm, but it crashed against the shore of my inertia, leaving no trace by the time the screen went dark.",motivation
TRAIN,"Today, I journaled about my dreams and aspirations, painting vivid pictures of a future I long for. Yet, when I closed the book, it felt like sealing away those possibilities in a tome of fiction, distant from my reality.",motivation
TRAIN,"I planned to start a new project today, one that I've been excited about for weeks, but when the time came, all that eagerness had evaporated. It's like there's a barrier between my ambitions and my ability to act on them.",motivation
TRAIN,"I looked at my to-do list this morning, and it felt like reading a menu with no appetite. Even the tasks that once sparked joy now feel like burdens.",motivation
TRAIN,"The blank canvas sat on the easel all day, untouched. My paints and brushes were ready, but the inspiration that usually flows so freely seemed dammed up by an invisible force.",motivation
TRAIN,"I promised myself a walk in the park, imagining the fresh air would reignite my spirit. But the door remained closed, and I remained inside, unable to translate thought into action.",motivation
TRAIN,"I watched the sunrise, thinking the new day would bring a new wave of motivation. But as the sky brightened, my drive remained dim, lost in the shadows of apathy.",motivation
TRAIN,"I told a friend I'd join them for a creative workshop, thinking maybe the company and change of scenery would kickstart my motivation. But when the time came, excuses flowed more freely than creativity.",motivation
TRAIN,"I rearranged my workspace, hoping a change in environment would spark some drive. Yet, despite the new setup, the old inertia settled back in, as comfortable and stifling as ever.",motivation
TRAIN,"I set my alarm with the intention of seizing the day, but when morning came, the snooze button was the only thing I managed to hit. It's disheartening how the bed can feel like both a sanctuary and a trap.",motivation
TRAIN,"I scrolled through inspirational quotes, each one a beacon of potential energy. But as the screen scrolled past, the words blurred into a sea of could-be's and should-be's, none strong enough to pull me ashore.",motivation
VALIDATE,"I envisioned myself at the end of the day, proud of all I'd accomplished. But as dusk fell, that vision crumbled, leaving me with the reality of another day spent adrift in the doldrums of unfulfilled potential.",motivation
VALIDATE,Struggling to find motivation lately. What inspires and motivates you?,motivation
VALIDATE,Need a motivational boost. Share your favorite quotes or strategies.,motivation
VALIDATE,"Waking up each day with a lack of drive. The motivation to tackle daily tasks feels elusive, leaving me in a perpetual state of inertia.",motivation
VALIDATE,The weight of responsibilities seems overwhelming. Finding the motivation to start anything becomes a daunting challenge.,motivation
VALIDATE,Procrastination has become a constant companion. The internal struggle to summon the motivation to begin projects is a daily battle.,motivation
TEST,Long-term goals feel distant and unattainable. The lack of motivation leaves dreams suspended in a state of perpetual postponement.,motivation
TEST,Every attempt to muster motivation is met with inner resistance. It's disheartening to feel stuck in a cycle of inaction and frustration.,motivation
TEST,The enthusiasm for hobbies and passions has dwindled. Finding the motivation to engage in once-enjoyable activities becomes a struggle.,motivation
TEST,Setting goals feels like a futile exercise. The lack of motivation makes it challenging to envision a future filled with accomplishments.,motivation
TEST,The fear of failure paralyzes any attempt to start new ventures. The motivation to take risks is overshadowed by the dread of potential setbacks.,motivation
TEST,Watching others succeed while struggling with personal motivation intensifies feelings of inadequacy. It's a challenge to find inspiration in the success of others.,motivation
TEST,"Even routine tasks become monumental challenges. The lack of motivation permeates every aspect of life, making even the simplest activities feel exhausting.",motivation
TRAIN,Life feels monotonous. Suggestions for overcoming boredom and finding joy?,boredom
TRAIN,Boredom is affecting my mood. How do you keep life interesting?,boredom
TRAIN,"Every day feels monotonous, lacking excitement or variety. Boredom sets in, making it difficult to find motivation for even routine tasks.",boredom
TRAIN,Hobbies lose their appeal quickly. The struggle with boredom intensifies as activities fail to capture sustained interest.,boredom
TRAIN,A sense of restlessness accompanies the feeling of boredom. It's challenging to stay engaged when everything seems uninteresting.,boredom
TRAIN,The passage of time becomes painfully slow. Boredom transforms even short periods into seemingly endless stretches of monotony.,boredom
TRAIN,The search for stimulation becomes a constant quest. Boredom creates a void that seems difficult to fill with meaningful activities.,boredom
TRAIN,Switching from one activity to another fails to alleviate the boredom. It's as if a persistent sense of emptiness lingers in the background.,boredom
TRAIN,The lack of novelty in daily life contributes to a pervasive sense of discontent. Boredom makes it hard to appreciate the present moment.,boredom
TRAIN,"Even in social settings, boredom creeps in. It's a challenge to stay engaged when conversations and activities fail to capture interest.",boredom
TRAIN,"Restlessness becomes a constant companion. Boredom creates a yearning for something more, yet the path to fulfillment seems elusive.",boredom
TRAIN,"Today stretched on endlessly, each tick of the clock echoing through the monotony like a drumbeat of tedium. It's like time has expanded, filling each minute with a dull weight.",boredom
TRAIN,"I wandered from room to room, looking for something, anything, to break the sameness of the day. It's as if the walls are closing in, painted in shades of ennui.",boredom
TRAIN,"I picked up a book, then put it down. Started a game, then lost interest. It's like my attention is a butterfly, flitting from one flower to another, finding no nectar anywhere.",boredom
TRAIN,"I found myself staring out the window, watching people go by, envying their apparent purpose and direction. It's strange how the mind yearns for stories when trapped in the narrative of nothingness.",boredom
TRAIN,"I tried to lose myself in music, letting the melodies carry me away, but even the songs seemed to loop back to the same refrain of boredom. It's like I'm stuck on a carousel that won't stop spinning.",boredom
TRAIN,"The kitchen beckoned with promises of culinary experiments, but even the spices seemed lackluster, and my appetite for creativity was as empty as my stomach.",boredom
TRAIN,"I journaled aimlessly, the pen scratching across the page without direction, mirroring the meandering path of my thoughts. It's like I'm searching for meaning in a landscape devoid of landmarks.",boredom
TRAIN,"I planned to organize, to declutter, imagining the satisfaction of order from chaos. But the task quickly lost its appeal, leaving me surrounded by half-sorted memories and a growing sense of inertia.",boredom
VALIDATE,"I scrolled through social media, a voyeur in the lives of others, but the parade of highlights only deepened the sense of disconnection and ennui. It's like watching a movie where you can't relate to the plot or the characters.",boredom
VALIDATE,"I lay on the grass, looking up at the sky, tracing clouds with listless fingers. It's ironic how the vastness of the blue expanse seemed to mirror the emptiness of the hours stretching before me.",boredom
VALIDATE,"I doodled aimlessly on a page, each line and swirl a testament to the restlessness brewing within. It's like my pen is moving, but my mind is stuck in neutral.",boredom
VALIDATE,"I ventured outside for a change of scenery, hoping the fresh air would stir something within me. But the outside world felt just as flat, as if boredom had leached the color from everything.",boredom
VALIDATE,"I tried watching a new show, looking for an escape into fictional lives more exciting than my own. But the characters and plot felt predictably dull, like echoes of stories I've heard a thousand times before.",boredom
VALIDATE,"I considered calling a friend, craving the spark of human interaction. But the thought fizzled out, drowned by the inertia that seems to muffle any attempt to reach out.",boredom
TEST,"I rearranged my room, looking for novelty in the familiar. But once the novelty wore off, the walls seemed to whisper back into the same old silence, unchanged.",boredom
TEST,"I leafed through old photo albums, a journey through happier, more vibrant times. But instead of lifting my spirits, it only highlighted the stark contrast to the current dull drum of days.",boredom
TEST,"I sat down to write a letter, an attempt to connect in a more meaningful way. But the words felt forced, the effort to infuse life into ink just another chore in a day filled with them.",boredom
TEST,"I made a list of hobbies I could start, imagining myself painting, learning an instrument, or speaking a new language. But the list remained just that—a collection of unstarted paths, each as uninspiring as the last.",boredom
TEST,"I took a long bath, hoping the warmth and solitude would soothe the restless energy. But as the water cooled, so did my brief spark of contentment, leaving me back at the starting point of ennui.",boredom
TEST,"I watched the sunset, looking for beauty in the end of another day. But the fading light only served as a reminder that tomorrow is likely to be a repeat of today, another 24 hours to fill in a life suddenly too spacious and empty.",boredom
TEST,"Every attempt to combat boredom feels short-lived. The struggle to find lasting engagement persists, affecting overall satisfaction with life.",boredom
TRAIN,Facing challenges with addiction. Seeking support and recovery stories.,addiction
TRAIN,Overcoming addiction is a journey. Let's share experiences and encouragement.,addiction
TRAIN,"The cravings are relentless, a constant reminder that breaking free from this cycle is harder than I ever imagined.",addiction
TRAIN,"Each promise to quit feels sincere in the moment, but the pull of addiction is a powerful force that's difficult to resist.",addiction
TRAIN,The shame and guilt after each episode of indulgence weigh heavier with every passing day. It's a vicious cycle that seems impossible to escape.,addiction
TRAIN,"Lost in a battle with substances, it's as if I'm fighting an internal war. The desire for a momentary escape overshadows the consequences.",addiction
TRAIN,"Withdrawal symptoms intensify, and the need for that familiar substance becomes overwhelming. It's a struggle between temporary relief and long-term well-being.""",addiction
TRAIN,"""Isolation sets in as the addiction takes precedence. Relationships fracture, and the loneliness becomes its own form of punishment.",addiction
TRAIN,"Despite the negative consequences, the allure of the substance remains, creating a perpetual conflict between rationality and compulsion.",addiction
TRAIN,"The highs are fleeting, and the lows are deep. Addiction distorts reality, making it difficult to discern between moments of pleasure and moments of despair.",addiction
TRAIN,Every attempt to quit is met with setbacks. The fear of facing life without the crutch of addiction is paralyzing.,addiction
TRAIN,The internal dialogue is a constant negotiation between the desire for sobriety and the persistent call of addiction. It's a battle fought within the mind.,addiction
TRAIN,"Today, I felt the familiar pull, a whisper in my mind nudging me towards the very thing I'm trying to escape. It's like a shadow that follows me, waiting for a moment of weakness.",addiction
TRAIN,"I passed by the places that used to be part of my daily routine, and the memories came flooding back, each one a test of my resolve. It's a battleground, where every step forward feels like an uphill struggle.",addiction
TRAIN,"Tonight, the craving hit me like a physical force, a wave so strong I felt it could sweep away all my progress. It's frightening how powerful this urge can be, how it can make you forget why you're fighting in the first place.",addiction
TRAIN,"I found myself romanticizing the past today, reminiscing about the high points and conveniently forgetting the lows. It's like my mind is trying to betray me, painting a picture that's far from reality.",addiction
TRAIN,"I reached out to my support group today, feeling the weight of this journey. Sharing my struggles helped, but it also reminded me how much further I have to go. It's a road I know I can't walk alone.",addiction
TRAIN,"Today was a milestone in my recovery, but instead of feeling proud, I felt unexpectedly hollow. It's like I've been so focused on fighting that I've forgotten what I'm fighting for.",addiction
TRAIN,"I caught a glimpse of my reflection and barely recognized the person staring back. This battle has changed me in ways I'm only beginning to understand. It's a strange feeling, not knowing who you'll be when the dust settles.",addiction
TRAIN,"Today, I almost gave in. The temptation was right in front of me, and for a moment, I forgot all the reasons I've been fighting. It's terrifying how a split second can hold the power to unravel so much hard work.",addiction
VALIDATE,"I journaled about my fears today, the biggest being the thought of relapsing. It looms over me like a dark cloud, a constant reminder of what's at stake. It's like walking a tightrope, where every step needs to be calculated and sure.",addiction
VALIDATE,"Tonight, I lay in bed, wrestling with thoughts that refuse to be silenced. The path to recovery feels lonelier in the quiet hours, when it's just you and your thoughts. It's in these moments that the true battle is fought.",addiction
VALIDATE,"I woke up this morning with the ache of longing, a reminder of the battle I face each day. It's like waking up to a storm inside me, knowing I have to weather it alone.",addiction
VALIDATE,"Today, I found solace in small victories, like the moments when the cravings didn't consume my thoughts. It's a bittersweet realization that progress often lies in the quietest of moments.",addiction
VALIDATE,"I saw someone today who's still trapped in the cycle I'm desperately trying to escape. It was a mirror to my past, a stark reminder of where I've been and where I never want to return.",addiction
VALIDATE,"I tried to distract myself with hobbies, but everything feels tinted by the absence of my old vice. It's like learning to live in a world that's suddenly lost its color.",addiction
TEST,"Tonight, the loneliness felt unbearable, as if the void left by my addiction has become a chasm. It's a reminder that what I'm fighting isn't just a substance, but the emptiness it filled.",addiction
TEST,"I journaled about the person I want to become, someone beyond the shadow of addiction. It's daunting, trying to sketch a future self when the present is so mired in struggle.",addiction
TEST,"Today, a well-meaning friend made a joke about my past habits, not knowing the weight those words carry. It's a sharp reminder that for some, my fight is invisible, easy to overlook.",addiction
TEST,"I attended a meeting, and for the first time, I shared my story. Speaking the truth out loud made it more real but also more manageable. It's like shining a light on the monsters in the dark.",addiction
TEST,"I had a dream last night where I relapsed, and I woke up in a panic. The relief that it wasn't real was palpable, but so was the fear. It's a stark reminder that even in sleep, I'm not free from the fight.",addiction
TEST,"Today, I found an old relic from my days of addiction. Holding it in my hands, I felt the weight of my old life and the lightness of my new path. It's a tangible symbol of the journey from who I was to who I'm becoming.",addiction